key,value
"'DATE (MM/DD/YYYY) ","'"
"'PRODUCER ","'SAMPLE BROKER "
"'CONTACT NAME: ","'"
"'PHONE (A/C, No. Ext): ","'"
"'FAX (A/C, No): ","'"
"'E-MAIL ADDRESS: ","'"
"'INSURED ","'SAMPLE VENDOR "
"'CERTIFICATE NUMBER: ","'"
"'REVISION NUMBER: ","'"
"'COMMERCIAL GENERAL LIABILITY ","'NOT_SELECTED"
"'EACH OCCURRENCE ","'$ 1,000,000 "
"'CLAIMS-MADE ","'NOT_SELECTED"
"'OCCUR ","'SELECTED"
"'DAMAGE TO RENTED PREMISES (Ea occurrence) ","'$ 1,000,000 "
"'MED EXP (Any one person) ","'$ 1,000,000 "
"'PERSONAL & ADV INJURY ","'$ 1,000,000 "
"'GENERAL AGGREGATE ","'$ 2,000,000 "
"'POLICY ","'NOT_SELECTED"
"'PRO- JECT ","'NOT_SELECTED"
"'LOC ","'NOT_SELECTED"
"'PRODUCTS COMP/OP AGG ","'$ 2,000,000 "
"'OTHER: ","'"
"'COMBINED SINGLE LIMIT (Ea accident) ","'$ 1,000,000 "
"'ANY AUTO ","'NOT_SELECTED"
"'BODILY INJURY (Per person) ","'$ "
"'ALL OWNED AUTOS ","'NOT_SELECTED"
"'SCHEDULED AUTOS ","'NOT_SELECTED"
"'BODILY INJURY (Per accident) ","'$ "
"'HIRED AUTOS ","'NOT_SELECTED"
"'NON-OWNED AUTOS ","'SELECTED"
"'PROPERTY DAMAGE (Per accident) ","'$ "
"'UMBRELLA LIAB ","'NOT_SELECTED"
"'EACH OCCURRENCE ","'$ 5,000,000 "
"'OCCUR ","'NOT_SELECTED"
"'EXCESS LIAB ","'NOT_SELECTED"
"'CLAIMS-MADE ","'NOT_SELECTED"
"'AGGREGATE ","'$ 5,000,000 "
"'DED ","'NOT_SELECTED"
"'RETENTION ","'$ 10,000 "
"'PER STATUTE ","'SELECTED"
"'OTH- ER ","'"
"'ANY PROPRIETOR/PARTNER/EXECUTIVE OFFICER/MEMBER EXCLUDED? ","'"
"'E.L. EACH ACCIDENT ","'$ 1,000,000 "
"'E.L. DISEASE EA EMPLOYEE ","'$ 1,000,000 "
"'E.L. DISEASE POLICY LIMIT ","'$ 1,000,000 "
"'DESCRIPTION OF OPERATIONS / LOCATIONS / VEHICLES (ACORD 101, Additional Remarks Schedule, may be attached if more space is required) ","'Cornell University, its trustees, officers, directors, agents, representatives and employees are added as Additional Insured on all liability policies on a primary and non-contributory basis including completed operations coverage. "
"'CERTIFICATE HOLDER ","'CORNELL UNIVERSITY DEPARTMENT 395 PINE TREE ROAD, SUITE 330 ITHACA, NY 14850 "
"'AUTHORIZED REPRESENTATIVE ","'"
"'ACORD 25 ","'(2014/01) "
