"'","'THIS IS TO CERTIFY THAT THE POLICIES INDICATED. NOTWITHSTANDING ANY CERTIFICATE MAY BE ISSUED OR MAY EXCLUSIONS AND CONDITIONS OF SUCH ","'OF PERTAIN, POLICIES. ","'REQUIREMENT, ","'INSURANCE LISTED BELOW HAVE BEEN TERM OR CONDITION OF ANY THE INSURANCE AFFORDED BY LIMITS SHOWN MAY HAVE BEEN ","'ISSUED TO CONTRACT THE POLICIES REDUCED BY ","'THE INSURED OR OTHER DESCRIBED PAID CLAIM ","'NAMED ABOVE FOR DOCUMENT WITH RESPECT HEREIN IS SUBJECT TO ","'THE POLICY PERIOD TO WHICH THIS ALL THE TERMS, ",
"'INSR LTR ","'TYPE OF INSURANCE ","'ADDLISUBR INSD ","'WVD ","'POLICY NUMBER ","'POLICY EFF (MM/DD/YYYY) ","'POLICY EXP (MM/DD/XY ","'LIMITS ","'",
"'A ","'COMMERCIAL GENERAL LIABILITY ","'","'","'","'","'","'EACH OCCURRENCE ","'$ 1,000,000 ",
"'","'CLAIMS-MADE OCCUR ","'","'","'","'","'","'DAMAGE TO RENTED PREMISES (Ea occurrence) ","'$ 1,000,000 ",
"'","'","'","'","'CGL 123456 ","'9/1/20 ","'99/1/21 ","'MED EXP (Any one person) ","'$ 1,000,000 ",
"'","'$100,000 SIR ","'","'","'","'","'","'PERSONAL & ADV INJURY ","'$ 1,000,000 ",
"'","'GEN'L AGGREGATE LIMIT APPLIES PER: ","'","'","'","'","'","'GENERAL AGGREGATE ","'$ 2,000,000 ",
"'","'PRO- POLICY JECT LOC ","'","'","'","'","'","'PRODUCTS COMP/OP AGG ","'$ 2,000,000 ",
"'","'OTHER: ","'","'","'","'","'","'","'$ ",
"'","'AUTOMOBILE LIABILITY ","'","'","'","'","'","'COMBINED SINGLE LIMIT (Ea accident) ","'$ 1,000,000 ",
"'","'ANY AUTO ","'","'","'CAL 987654 ","'","'","'BODILY INJURY (Per person) ","'$ ",
"'A ","'ALL OWNED SCHEDULED AUTOS AUTOS ","'","'","'","'9/1/20 ","'9/1/21 ","'BODILY INJURY (Per accident) ","'$ ",
"'","'NON-OWNED HIRED AUTOS AUTOS ","'","'","'","'","'","'PROPERTY DAMAGE (Per accident) ","'$ ",
"'","'","'","'","'","'","'","'","'$ ",
"'A ","'UMBRELLA LIAB OCCUR ","'","'","'","'","'","'EACH OCCURRENCE ","'$ 5,000,000 ",
"'","'EXCESS LIAB CLAIMS-MADE ","'","'","'UMB 345678 ","'9/1/20 ","'9/1/21 ","'AGGREGATE ","'$ 5,000,000 ",
"'","'DED RETENTION $ 10,000 ","'","'","'","'","'","'","'$ ",
"'","'WORKERS COMPENSATION AND EMPLOYERS' LIABILITY ","'","'","'","'","'","'PER OTH- STATUTE ER ","'",
"'","'Y / N ANY PROPRIETOR/PARTNER/EXECUTIVE ","'","'","'WC-23456 ","'9/1/20 ","'9/1/21 ","'E.L. EACH ACCIDENT ","'$ 1,000,000 ",
"'","'OFFICER/MEMBER EXCLUDED? (Mandatory in NH) ","'","'","'","'","'","'E.L. DISEASE EA EMPLOYEE ","'$ 1,000,000 ",
"'","'If yes, describe under DÉSCRIPTION OF OPERATIONS below ","'","'","'","'","'","'E.L. DISEASE POLICY LIMIT ","'$ 1,000,000 ",
"'B C ","'PROFESSIONAL LIABILITY CYBER SECURITY LIABILITY ","'","'","'MPL 0246810 CSL 0987612 ","'1/1/20 1/1/20 ","'1/1/21 1/1/21 ","'EACH CLAIM AGGREGATE LIMIT AGGREGATE LIMIT ","'$1,000,000 $3,000,000 $10,000,000 ",
